image_name,label
IMG_5907.JPG,0
IMG_1138.JPG,0
IMG_4896.JPG,0
IMG_5308.JPG,0
IMG_4170.JPG,0
IMG_5806.JPG,0
IMG_4886.JPG,0
IMG_4079.JPG,0
IMG_5971.JPG,0
IMG_5776.JPG,0
IMG_5286.JPG,0
IMG_4594.JPG,0
IMG_5603.JPG,0
IMG_4543.JPG,0
IMG_1290.JPG,0
IMG_5991.JPG,0
IMG_5297.JPG,0
IMG_4826.JPG,0
IMG_4614.JPG,0
IMG_5705.JPG,0
IMG_4338.JPG,0
IMG_5456.JPG,0
IMG_4765.JPG,0
IMG_5537.JPG,0
IMG_1322.JPG,0
IMG_5572.JPG,0
IMG_5497.JPG,0
IMG_4674.JPG,0
IMG_5213.JPG,0
IMG_4856.JPG,0
IMG_5918.JPG,0
IMG_4745.JPG,0
IMG_4564.JPG,0
IMG_5111.JPG,0
IMG_4644.JPG,0
IMG_5101.JPG,0
IMG_5152.JPG,0
IMG_5547.JPG,0
IMG_4624.JPG,0
IMG_5193.JPG,0
IMG_1209.JPG,0
IMG_4704.JPG,0
IMG_4946.JPG,0
IMG_4996.JPG,0
IMG_4381.JPG,0
IMG_4089.JPG,0
IMG_4403.JPG,0
IMG_5370.JPG,0
IMG_4533.JPG,0
IMG_4391.JPG,0
IMG_5685.JPG,0
IMG_4109.JPG,0
IMG_5255.JPG,0
IMG_4486.JPG,0
IMG_4099.JPG,0
IMG_5726.JPG,0
IMG_4776.JPG,0
IMG_4276.JPG,0
IMG_5766.JPG,0
IMG_4059.JPG,0
IMG_5756.JPG,0
IMG_4496.JPG,0
IMG_1169.JPG,0
IMG_5074.JPG,0
IMG_5341.JPG,0
IMG_4936.JPG,0
IMG_5837.JPG,0
IMG_5716.JPG,0
IMG_4370.JPG,0
IMG_5203.JPG,0
IMG_4796.JPG,0
IMG_5328.JPG,0
IMG_4069.JPG,0
IMG_4725.JPG,0
IMG_4435.JPG,0
IMG_5736.JPG,0
IMG_4193.JPG,0
IMG_5625.JPG,0
IMG_4916.JPG,0
IMG_4348.JPG,0
IMG_4986.JPG,0
IMG_5582.JPG,0
IMG_5928.JPG,0
IMG_1312.JPG,0
IMG_5476.JPG,0
IMG_5665.JPG,0
IMG_4836.JPG,0
IMG_5412.JPG,0
IMG_5132.JPG,0
IMG_5446.JPG,0
IMG_4684.JPG,0
IMG_4554.JPG,0
IMG_4584.JPG,0
IMG_5042.JPG,0
IMG_4286.JPG,0
IMG_1148.JPG,0
IMG_1270.JPG,0
IMG_4423.JPG,0
IMG_5816.JPG,0
IMG_1118.JPG,0
IMG_4604.JPG,0
IMG_5746.JPG,0
IMG_4049.JPG,0
IMG_4129.JPG,0
IMG_4694.JPG,0
IMG_5007.JPG,0
IMG_5592.JPG,0
IMG_5960.JPG,0
IMG_5466.JPG,0
IMG_1128.JPG,0
IMG_5507.JPG,0
IMG_5786.JPG,0
IMG_4296.JPG,0
IMG_5877.JPG,0
IMG_1179.JPG,0
IMG_4446.JPG,0
IMG_4456.JPG,0
IMG_4506.JPG,0
IMG_4966.JPG,0
IMG_5887.JPG,0
IMG_4040.JPG,0
IMG_5318.JPG,0
IMG_4476.JPG,0
IMG_4926.JPG,0
IMG_5400.JPG,0
IMG_4203.JPG,0
IMG_5142.JPG,0
IMG_5380.JPG,0
IMG_5223.JPG,0
IMG_5635.JPG,0
IMG_1301.JPG,0
IMG_4755.JPG,0
IMG_5163.JPG,0
IMG_5028.JPG,0
IMG_4846.JPG,0
IMG_5091.JPG,0
IMG_4906.JPG,0
IMG_4213.JPG,0
IMG_5826.JPG,0
IMG_5950.JPG,0
IMG_5645.JPG,0
IMG_4866.JPG,0
IMG_4807.JPG,0
IMG_4976.JPG,0
IMG_4735.JPG,0
IMG_1229.JPG,0
IMG_5562.JPG,0
IMG_5857.JPG,0
IMG_5122.JPG,0
IMG_4634.JPG,0
IMG_4181.JPG,0
IMG_5486.JPG,0
IMG_1239.JPG,0
IMG_5244.JPG,0
IMG_4266.JPG,0
IMG_4466.JPG,0
IMG_5897.JPG,0
IMG_5360.JPG,0
IMG_1219.JPG,0
IMG_5695.JPG,0
IMG_4243.JPG,0
IMG_4413.JPG,0
IMG_4149.JPG,0
IMG_4223.JPG,0
IMG_5938.JPG,0
IMG_5527.JPG,0
IMG_5981.JPG,0
IMG_1189.JPG,0
IMG_5655.JPG,0
IMG_4316.JPG,0
IMG_4139.JPG,0
IMG_5847.JPG,0
IMG_1199.JPG,0
IMG_5350.JPG,0
IMG_1249.JPG,0
IMG_1280.JPG,0
IMG_5675.JPG,0
IMG_5173.JPG,0
IMG_4254.JPG,0
IMG_5063.JPG,0
IMG_4574.JPG,0
IMG_5867.JPG,0
IMG_4233.JPG,0
IMG_4715.JPG,0
IMG_1260.JPG,0
IMG_5017.JPG,0
IMG_4159.JPG,0
IMG_5422.JPG,0
IMG_4786.JPG,0
IMG_4956.JPG,0
IMG_5266.JPG,0
IMG_4327.JPG,0
IMG_4306.JPG,0
IMG_5053.JPG,0
IMG_5183.JPG,0
IMG_5796.JPG,0
IMG_5276.JPG,0
IMG_1158.JPG,0
IMG_4359.JPG,0
IMG_5517.JPG,0
IMG_5390.JPG,0
IMG_4876.JPG,0
IMG_5234.JPG,0
IMG_4119.JPG,0
IMG_5615.JPG,0
IMG_5858.JPG,1
IMG_5319.JPG,1
IMG_5868.JPG,1
IMG_1129.JPG,1
IMG_5666.JPG,1
IMG_5064.JPG,1
IMG_4497.JPG,1
IMG_4234.JPG,1
IMG_4565.JPG,1
IMG_5351.JPG,1
IMG_4070.JPG,1
IMG_1200.JPG,1
IMG_5636.JPG,1
IMG_5371.JPG,1
IMG_5256.JPG,1
IMG_5777.JPG,1
IMG_5888.JPG,1
IMG_4645.JPG,1
IMG_5457.JPG,1
IMG_4041.JPG,1
IMG_5604.JPG,1
IMG_5747.JPG,1
IMG_4414.JPG,1
IMG_5972.JPG,1
IMG_4777.JPG,1
IMG_4392.JPG,1
IMG_4605.JPG,1
IMG_1139.JPG,1
IMG_5175.JPG,1
IMG_4100.JPG,1
IMG_4585.JPG,1
IMG_4857.JPG,1
IMG_5646.JPG,1
IMG_1210.JPG,1
IMG_5538.JPG,1
IMG_4224.JPG,1
IMG_5194.JPG,1
IMG_5381.JPG,1
IMG_5361.JPG,1
IMG_4575.JPG,1
IMG_4349.JPG,1
IMG_5817.JPG,1
IMG_4090.JPG,1
IMG_5838.JPG,1
IMG_1180.JPG,1
IMG_4339.JPG,1
IMG_5214.JPG,1
IMG_5029.JPG,1
IMG_4277.JPG,1
IMG_1250.JPG,1
IMG_4382.JPG,1
IMG_5563.JPG,1
IMG_5508.JPG,1
IMG_5413.JPG,1
IMG_1149.JPG,1
IMG_5298.JPG,1
IMG_4507.JPG,1
IMG_4967.JPG,1
IMG_4957.JPG,1
IMG_5787.JPG,1
IMG_4424.JPG,1
IMG_5616.JPG,1
IMG_5737.JPG,1
IMG_4977.JPG,1
IMG_5329.JPG,1
IMG_5961.JPG,1
IMG_5075.JPG,1
IMG_4287.JPG,1
IMG_5908.JPG,1
IMG_4204.JPG,1
IMG_5696.JPG,1
IMG_5898.JPG,1
IMG_4534.JPG,1
IMG_5184.JPG,1
IMG_5498.JPG,1
IMG_5092.JPG,1
IMG_5951.JPG,1
IMG_1220.JPG,1
IMG_5153.JPG,1
IMG_5982.JPG,1
IMG_5727.JPG,1
IMG_1170.JPG,1
IMG_4371.JPG,1
IMG_5277.JPG,1
IMG_4477.JPG,1
IMG_5018.JPG,1
IMG_4827.JPG,1
IMG_5447.JPG,1
IMG_4160.JPG,1
IMG_4837.JPG,1
IMG_5423.JPG,1
IMG_4806.JPG,1
IMG_4696.JPG,1
IMG_4987.JPG,1
IMG_4140.JPG,1
IMG_5878.JPG,1
IMG_5686.JPG,1
IMG_4877.JPG,1
IMG_1159.JPG,1
IMG_5164.JPG,1
IMG_1271.JPG,1
IMG_5929.JPG,1
IMG_5043.JPG,1
IMG_5204.JPG,1
IMG_4182.JPG,1
IMG_5848.JPG,1
IMG_5309.JPG,1
IMG_5717.JPG,1
IMG_4675.JPG,1
IMG_5797.JPG,1
IMG_5133.JPG,1
IMG_4214.JPG,1
IMG_4625.JPG,1
IMG_4110.JPG,1
IMG_5477.JPG,1
IMG_4685.JPG,1
IMG_1291.JPG,1
IMG_5919.JPG,1
IMG_5593.JPG,1
IMG_5939.JPG,1
IMG_5340.JPG,1
IMG_5401.JPG,1
IMG_5143.JPG,1
IMG_1302.JPG,1
IMG_5123.JPG,1
IMG_5518.JPG,1
IMG_5757.JPG,1
IMG_4927.JPG,1
IMG_4130.JPG,1
IMG_4404.JPG,1
IMG_4907.JPG,1
IMG_1240.JPG,1
IMG_1119.JPG,1
IMG_5528.JPG,1
IMG_5235.JPG,1
IMG_4255.JPG,1
IMG_4437.JPG,1
IMG_4457.JPG,1
IMG_4120.JPG,1
IMG_5224.JPG,1
IMG_4787.JPG,1
IMG_5487.JPG,1
IMG_4467.JPG,1
IMG_4595.JPG,1
IMG_4150.JPG,1
IMG_5245.JPG,1
IMG_5992.JPG,1
IMG_4060.JPG,1
IMG_5112.JPG,1
IMG_5807.JPG,1
IMG_5583.JPG,1
IMG_5626.JPG,1
IMG_4329.JPG,1
IMG_5767.JPG,1
IMG_5267.JPG,1
IMG_5054.JPG,1
IMG_4726.JPG,1
IMG_5656.JPG,1
IMG_5044.JPG,1
IMG_4887.JPG,1
IMG_4360.JPG,1
IMG_4766.JPG,1
IMG_4635.JPG,1
IMG_4307.JPG,1
IMG_4756.JPG,1
IMG_5827.JPG,1
IMG_4716.JPG,1
IMG_4705.JPG,1
IMG_4797.JPG,1
IMG_5573.JPG,1
IMG_1323.JPG,1
IMG_4847.JPG,1
IMG_5549.JPG,1
IMG_5467.JPG,1
IMG_4544.JPG,1
IMG_4736.JPG,1
IMG_4897.JPG,1
IMG_4172.JPG,1
IMG_5676.JPG,1
IMG_1313.JPG,1
IMG_4080.JPG,1
IMG_5102.JPG,1
IMG_4318.JPG,1
IMG_1230.JPG,1
IMG_1190.JPG,1
IMG_5391.JPG,1
IMG_1281.JPG,1
IMG_4997.JPG,1
IMG_4297.JPG,1
IMG_4867.JPG,1
IMG_5008.JPG,1
IMG_4746.JPG,1
IMG_4050.JPG,1
IMG_4244.JPG,1
IMG_4615.JPG,1
IMG_5287.JPG,1
IMG_4555.JPG,1
IMG_4947.JPG,1
IMG_4447.JPG,1
IMG_5706.JPG,1
IMG_4917.JPG,1
IMG_4194.JPG,1
IMG_4487.JPG,1
IMG_4267.JPG,1
IMG_1261.JPG,1
IMG_4937.JPG,1
IMG_1251.JPG,2
IMG_5310.JPG,2
IMG_5667.JPG,2
IMG_4215.JPG,2
IMG_5909.JPG,2
IMG_4268.JPG,2
IMG_5707.JPG,2
IMG_4968.JPG,2
IMG_5174.JPG,2
IMG_1292.JPG,2
IMG_5195.JPG,2
IMG_4878.JPG,2
IMG_4938.JPG,2
IMG_5617.JPG,2
IMG_5278.JPG,2
IMG_4788.JPG,2
IMG_4372.JPG,2
IMG_4747.JPG,2
IMG_4535.JPG,2
IMG_5778.JPG,2
IMG_4498.JPG,2
IMG_5519.JPG,2
IMG_4727.JPG,2
IMG_5839.JPG,2
IMG_4717.JPG,2
IMG_4141.JPG,2
IMG_4695.JPG,2
IMG_5584.JPG,2
IMG_1231.JPG,2
IMG_4778.JPG,2
IMG_5093.JPG,2
IMG_1272.JPG,2
IMG_4838.JPG,2
IMG_1211.JPG,2
IMG_5019.JPG,2
IMG_4596.JPG,2
IMG_4928.JPG,2
IMG_5509.JPG,2
IMG_4330.JPG,2
IMG_4606.JPG,2
IMG_5392.JPG,2
IMG_4101.JPG,2
IMG_4808.JPG,2
IMG_5236.JPG,2
IMG_5564.JPG,2
IMG_4918.JPG,2
IMG_1181.JPG,2
IMG_5488.JPG,2
IMG_4225.JPG,2
IMG_4908.JPG,2
IMG_1160.JPG,2
IMG_4626.JPG,2
IMG_5402.JPG,2
IMG_5647.JPG,2
IMG_5940.JPG,2
IMG_1150.JPG,2
IMG_1221.JPG,2
IMG_1130.JPG,2
IMG_1201.JPG,2
IMG_5414.JPG,2
IMG_4245.JPG,2
IMG_4948.JPG,2
IMG_4256.JPG,2
IMG_4131.JPG,2
IMG_4488.JPG,2
IMG_5728.JPG,2
IMG_5424.JPG,2
IMG_5342.JPG,2
IMG_5113.JPG,2
IMG_5372.JPG,2
IMG_5185.JPG,2
IMG_4361.JPG,2
IMG_5899.JPG,2
IMG_5033.JPG,2
IMG_4998.JPG,2
IMG_4042.JPG,2
IMG_4478.JPG,2
IMG_4737.JPG,2
IMG_5330.JPG,2
IMG_5176.JPG,2
IMG_5718.JPG,2
IMG_5009.JPG,2
IMG_5362.JPG,2
IMG_5788.JPG,2
IMG_4340.JPG,2
IMG_5859.JPG,2
IMG_5930.JPG,2
IMG_5594.JPG,2
IMG_4448.JPG,2
IMG_4757.JPG,2
IMG_5869.JPG,2
IMG_5677.JPG,2
IMG_5478.JPG,2
IMG_5257.JPG,2
IMG_5299.JPG,2
IMG_5539.JPG,2
IMG_4686.JPG,2
IMG_5215.JPG,2
IMG_5808.JPG,2
IMG_4081.JPG,2
IMG_4121.JPG,2
IMG_4111.JPG,2
IMG_5849.JPG,2
IMG_4151.JPG,2
IMG_5962.JPG,2
IMG_5134.JPG,2
IMG_4767.JPG,2
IMG_4278.JPG,2
IMG_1191.JPG,2
IMG_5246.JPG,2
IMG_5920.JPG,2
IMG_4646.JPG,2
IMG_4319.JPG,2
IMG_4288.JPG,2
IMG_5818.JPG,2
IMG_4858.JPG,2
IMG_4898.JPG,2
IMG_1140.JPG,2
IMG_4161.JPG,2
IMG_4195.JPG,2
IMG_5154.JPG,2
IMG_5637.JPG,2
IMG_5225.JPG,2
IMG_4458.JPG,2
IMG_4576.JPG,2
IMG_5973.JPG,2
IMG_5758.JPG,2
IMG_4888.JPG,2
IMG_4405.JPG,2
IMG_5983.JPG,2
IMG_5320.JPG,2
IMG_5738.JPG,2
IMG_1120.JPG,2
IMG_5045.JPG,2
IMG_5352.JPG,2
IMG_4868.JPG,2
IMG_4958.JPG,2
IMG_5879.JPG,2
IMG_4798.JPG,2
IMG_1303.JPG,2
IMG_5798.JPG,2
IMG_4383.JPG,2
IMG_4350.JPG,2
IMG_4438.JPG,2
IMG_5144.JPG,2
IMG_4173.JPG,2
IMG_4308.JPG,2
IMG_4051.JPG,2
IMG_5205.JPG,2
IMG_4616.JPG,2
IMG_5268.JPG,2
IMG_4848.JPG,2
IMG_5288.JPG,2
IMG_5605.JPG,2
IMG_4978.JPG,2
IMG_4415.JPG,2
IMG_5828.JPG,2
IMG_4556.JPG,2
IMG_5889.JPG,2
IMG_1282.JPG,2
IMG_4205.JPG,2
IMG_4468.JPG,2
IMG_5076.JPG,2
IMG_4235.JPG,2
IMG_5458.JPG,2
IMG_5382.JPG,2
IMG_4425.JPG,2
IMG_4566.JPG,2
IMG_1262.JPG,2
IMG_5065.JPG,2
IMG_1324.JPG,2
IMG_5993.JPG,2
IMG_5627.JPG,2
IMG_5529.JPG,2
IMG_5103.JPG,2
IMG_4071.JPG,2
IMG_5165.JPG,2
IMG_5554.JPG,2
IMG_5448.JPG,2
IMG_4508.JPG,2
IMG_4988.JPG,2
IMG_4183.JPG,2
IMG_5748.JPG,2
IMG_4091.JPG,2
IMG_5055.JPG,2
IMG_4586.JPG,2
IMG_5124.JPG,2
IMG_5687.JPG,2
IMG_1241.JPG,2
IMG_4298.JPG,2
IMG_5697.JPG,2
IMG_4393.JPG,2
IMG_5574.JPG,2
IMG_5657.JPG,2
IMG_5768.JPG,2
IMG_4706.JPG,2
IMG_1314.JPG,2
IMG_1171.JPG,2
IMG_5468.JPG,2
IMG_4545.JPG,2
IMG_5499.JPG,2
IMG_4061.JPG,2
IMG_4636.JPG,2
IMG_5952.JPG,2
IMG_4676.JPG,2
IMG_4828.JPG,2
IMG_1305.JPG,3
IMG_4236.JPG,3
IMG_4929.JPG,3
IMG_5994.JPG,3
IMG_5500.JPG,3
IMG_4162.JPG,3
IMG_4697.JPG,3
IMG_4779.JPG,3
IMG_5931.JPG,3
IMG_5383.JPG,3
IMG_5216.JPG,3
IMG_5565.JPG,3
IMG_5066.JPG,3
IMG_5698.JPG,3
IMG_4889.JPG,3
IMG_4427.JPG,3
IMG_4587.JPG,3
IMG_4829.JPG,3
IMG_4859.JPG,3
IMG_5343.JPG,3
IMG_5941.JPG,3
IMG_4499.JPG,3
IMG_1242.JPG,3
IMG_4647.JPG,3
IMG_4152.JPG,3
IMG_5530.JPG,3
IMG_5373.JPG,3
IMG_1121.JPG,3
IMG_5668.JPG,3
IMG_5248.JPG,3
IMG_5769.JPG,3
IMG_5479.JPG,3
IMG_5020.JPG,3
IMG_4459.JPG,3
IMG_4758.JPG,3
IMG_1283.JPG,3
IMG_5226.JPG,3
IMG_4728.JPG,3
IMG_5196.JPG,3
IMG_5459.JPG,3
IMG_4677.JPG,3
IMG_5393.JPG,3
IMG_5729.JPG,3
IMG_5490.JPG,3
IMG_1232.JPG,3
IMG_5237.JPG,3
IMG_5114.JPG,3
IMG_4919.JPG,3
IMG_4406.JPG,3
IMG_5984.JPG,3
IMG_4289.JPG,3
IMG_4839.JPG,3
IMG_4989.JPG,3
IMG_4416.JPG,3
IMG_5555.JPG,3
IMG_4247.JPG,3
IMG_4708.JPG,3
IMG_4509.JPG,3
IMG_5870.JPG,3
IMG_4479.JPG,3
IMG_5078.JPG,3
IMG_4849.JPG,3
IMG_4617.JPG,3
IMG_4362.JPG,3
IMG_4309.JPG,3
IMG_5108.JPG,3
IMG_5269.JPG,3
IMG_4246.JPG,3
IMG_4384.JPG,3
IMG_5829.JPG,3
IMG_5648.JPG,3
IMG_5921.JPG,3
IMG_1253.JPG,3
IMG_1161.JPG,3
IMG_1192.JPG,3
IMG_4738.JPG,3
IMG_4174.JPG,3
IMG_5046.JPG,3
IMG_4909.JPG,3
IMG_4536.JPG,3
IMG_5880.JPG,3
IMG_4206.JPG,3
IMG_5311.JPG,3
IMG_4789.JPG,3
IMG_5789.JPG,3
IMG_4052.JPG,3
IMG_5094.JPG,3
IMG_4142.JPG,3
IMG_4351.JPG,3
IMG_5900.JPG,3
IMG_4394.JPG,3
IMG_4092.JPG,3
IMG_4869.JPG,3
IMG_5658.JPG,3
IMG_1325.JPG,3
IMG_4269.JPG,3
IMG_4959.JPG,3
IMG_4299.JPG,3
IMG_5510.JPG,3
IMG_5289.JPG,3
IMG_4112.JPG,3
IMG_5628.JPG,3
IMG_4748.JPG,3
IMG_5618.JPG,3
IMG_5540.JPG,3
IMG_1273.JPG,3
IMG_5155.JPG,3
IMG_5749.JPG,3
IMG_5595.JPG,3
IMG_5520.JPG,3
IMG_4132.JPG,3
IMG_5034.JPG,3
IMG_4331.JPG,3
IMG_1294.JPG,3
IMG_1141.JPG,3
IMG_5279.JPG,3
IMG_1315.JPG,3
IMG_4196.JPG,3
IMG_4439.JPG,3
IMG_5840.JPG,3
IMG_4082.JPG,3
IMG_5759.JPG,3
IMG_4449.JPG,3
IMG_5860.JPG,3
IMG_5910.JPG,3
IMG_4216.JPG,3
IMG_1202.JPG,3
IMG_5739.JPG,3
IMG_5300.JPG,3
IMG_5363.JPG,3
IMG_1151.JPG,3
IMG_4072.JPG,3
IMG_4122.JPG,3
IMG_4226.JPG,3
IMG_5719.JPG,3
IMG_5585.JPG,3
IMG_4279.JPG,3
IMG_1182.JPG,3
IMG_4999.JPG,3
IMG_1263.JPG,3
IMG_5449.JPG,3
IMG_5779.JPG,3
IMG_4969.JPG,3
IMG_4979.JPG,3
IMG_4899.JPG,3
IMG_5125.JPG,3
IMG_1172.JPG,3
IMG_5799.JPG,3
IMG_5688.JPG,3
IMG_4184.JPG,3
IMG_5353.JPG,3
IMG_5425.JPG,3
IMG_5206.JPG,3
IMG_4557.JPG,3
IMG_4949.JPG,3
IMG_5258.JPG,3
IMG_1131.JPG,3
IMG_5708.JPG,3
IMG_5331.JPG,3
IMG_5890.JPG,3
IMG_4637.JPG,3
IMG_4547.JPG,3
IMG_5678.JPG,3
IMG_5135.JPG,3
IMG_4607.JPG,3
IMG_4469.JPG,3
IMG_4043.JPG,3
IMG_4320.JPG,3
IMG_4627.JPG,3
IMG_5104.JPG,3
IMG_5819.JPG,3
IMG_4597.JPG,3
IMG_4768.JPG,3
IMG_4809.JPG,3
IMG_5166.JPG,3
IMG_4879.JPG,3
IMG_5415.JPG,3
IMG_5850.JPG,3
IMG_4799.JPG,3
IMG_5010.JPG,3
IMG_5638.JPG,3
IMG_4341.JPG,3
IMG_4567.JPG,3
IMG_5403.JPG,3
IMG_5809.JPG,3
IMG_5607.JPG,3
IMG_4718.JPG,3
IMG_5186.JPG,3
IMG_5963.JPG,3
IMG_4258.JPG,3
IMG_5145.JPG,3
IMG_4062.JPG,3
IMG_5469.JPG,3
IMG_4373.JPG,3
IMG_5575.JPG,3
IMG_5056.JPG,3
IMG_1212.JPG,3
IMG_4102.JPG,3
IMG_5974.JPG,3
IMG_4687.JPG,3
IMG_5953.JPG,3
IMG_1222.JPG,3
IMG_4577.JPG,3
IMG_5321.JPG,3
IMG_4939.JPG,3
IMG_4489.JPG,3
IMG_4749.JPG,4
IMG_5608.JPG,4
IMG_5021.JPG,4
IMG_5790.JPG,4
IMG_4769.JPG,4
IMG_1326.JPG,4
IMG_5954.JPG,4
IMG_5115.JPG,4
IMG_1173.JPG,4
IMG_4175.JPG,4
IMG_4417.JPG,4
IMG_5541.JPG,4
IMG_4044.JPG,4
IMG_5871.JPG,4
IMG_4588.JPG,4
IMG_5249.JPG,4
IMG_5780.JPG,4
IMG_4133.JPG,4
IMG_4810.JPG,4
IMG_5491.JPG,4
IMG_1142.JPG,4
IMG_4321.JPG,4
IMG_4163.JPG,4
IMG_1306.JPG,4
IMG_5760.JPG,4
IMG_5750.JPG,4
IMG_4537.JPG,4
IMG_4598.JPG,4
IMG_5384.JPG,4
IMG_4259.JPG,4
IMG_5901.JPG,4
IMG_5095.JPG,4
IMG_5911.JPG,4
IMG_4910.JPG,4
IMG_4960.JPG,4
IMG_5460.JPG,4
IMG_4248.JPG,4
IMG_4739.JPG,4
IMG_4342.JPG,4
IMG_5531.JPG,4
IMG_4800.JPG,4
IMG_5576.JPG,4
IMG_5830.JPG,4
IMG_5126.JPG,4
IMG_4270.JPG,4
IMG_1243.JPG,4
IMG_1213.JPG,4
IMG_5426.JPG,4
IMG_4490.JPG,4
IMG_4500.JPG,4
IMG_5057.JPG,4
IMG_4352.JPG,4
IMG_5944.JPG,4
IMG_5001.JPG,4
IMG_4227.JPG,4
IMG_5238.JPG,4
IMG_5280.JPG,4
IMG_4840.JPG,4
IMG_5364.JPG,4
IMG_4990.JPG,4
IMG_4970.JPG,4
IMG_5861.JPG,4
IMG_4197.JPG,4
IMG_5312.JPG,4
IMG_4113.JPG,4
IMG_5709.JPG,4
IMG_5067.JPG,4
IMG_5891.JPG,4
IMG_4053.JPG,4
IMG_4698.JPG,4
IMG_5820.JPG,4
IMG_4920.JPG,4
IMG_5322.JPG,4
IMG_5207.JPG,4
IMG_5720.JPG,4
IMG_5292.JPG,4
IMG_4709.JPG,4
IMG_5730.JPG,4
IMG_4385.JPG,4
IMG_4185.JPG,4
IMG_4980.JPG,4
IMG_4780.JPG,4
IMG_5699.JPG,4
IMG_5177.JPG,4
IMG_4428.JPG,4
IMG_1274.JPG,4
IMG_4237.JPG,4
IMG_1132.JPG,4
IMG_5586.JPG,4
IMG_4608.JPG,4
IMG_5511.JPG,4
IMG_5596.JPG,4
IMG_1284.JPG,4
IMG_4374.JPG,4
IMG_1295.JPG,4
IMG_1203.JPG,4
IMG_5995.JPG,4
IMG_5156.JPG,4
IMG_5470.JPG,4
IMG_4940.JPG,4
IMG_4363.JPG,4
IMG_4668.JPG,4
IMG_5851.JPG,4
IMG_1254.JPG,4
IMG_5270.JPG,4
IMG_5639.JPG,4
IMG_5841.JPG,4
IMG_5301.JPG,4
IMG_5146.JPG,4
IMG_5354.JPG,4
IMG_5740.JPG,4
IMG_5416.JPG,4
IMG_1183.JPG,4
IMG_5260.JPG,4
IMG_5566.JPG,4
IMG_4470.JPG,4
IMG_5932.JPG,4
IMG_1162.JPG,4
IMG_4688.JPG,4
IMG_4759.JPG,4
IMG_5079.JPG,4
IMG_5649.JPG,4
IMG_5480.JPG,4
IMG_4558.JPG,4
IMG_4083.JPG,4
IMG_4618.JPG,4
IMG_5964.JPG,4
IMG_4332.JPG,4
IMG_4678.JPG,4
IMG_4280.JPG,4
IMG_5619.JPG,4
IMG_4890.JPG,4
IMG_4870.JPG,4
IMG_4880.JPG,4
IMG_5985.JPG,4
IMG_4790.JPG,4
IMG_5167.JPG,4
IMG_5105.JPG,4
IMG_5501.JPG,4
IMG_4460.JPG,4
IMG_4830.JPG,4
IMG_4480.JPG,4
IMG_4820.JPG,4
IMG_1264.JPG,4
IMG_5197.JPG,4
IMG_5669.JPG,4
IMG_4073.JPG,4
IMG_5450.JPG,4
IMG_5035.JPG,4
IMG_4217.JPG,4
IMG_4729.JPG,4
IMG_1316.JPG,4
IMG_1193.JPG,4
IMG_4638.JPG,4
IMG_4648.JPG,4
IMG_5404.JPG,4
IMG_5679.JPG,4
IMG_5975.JPG,4
IMG_5770.JPG,4
IMG_1122.JPG,4
IMG_4153.JPG,4
IMG_4510.JPG,4
IMG_4300.JPG,4
IMG_1152.JPG,4
IMG_4440.JPG,4
IMG_5810.JPG,4
IMG_5332.JPG,4
IMG_4719.JPG,4
IMG_4548.JPG,4
IMG_4290.JPG,4
IMG_1223.JPG,4
IMG_4628.JPG,4
IMG_4568.JPG,4
IMG_5800.JPG,4
IMG_5374.JPG,4
IMG_5922.JPG,4
IMG_5047.JPG,4
IMG_5344.JPG,4
IMG_4310.JPG,4
IMG_5689.JPG,4
IMG_5136.JPG,4
IMG_4123.JPG,4
IMG_4450.JPG,4
IMG_5881.JPG,4
IMG_4407.JPG,4
IMG_4850.JPG,4
IMG_5227.JPG,4
IMG_4395.JPG,4
IMG_4207.JPG,4
IMG_5521.JPG,4
IMG_1233.JPG,4
IMG_5187.JPG,4
IMG_5556.JPG,4
IMG_4093.JPG,4
IMG_4930.JPG,4
IMG_5659.JPG,4
IMG_4860.JPG,4
IMG_4900.JPG,4
IMG_4578.JPG,4
IMG_5011.JPG,4
IMG_4143.JPG,4
IMG_4063.JPG,4
IMG_4950.JPG,4
IMG_5394.JPG,4
IMG_4103.JPG,4
IMG_5629.JPG,4
IMG_5217.JPG,4
IMG_1184.JPG,5
IMG_1296.JPG,5
IMG_4386.JPG,5
IMG_5690.JPG,5
IMG_5188.JPG,5
IMG_4740.JPG,5
IMG_5048.JPG,5
IMG_4791.JPG,5
IMG_4941.JPG,5
IMG_4249.JPG,5
IMG_4408.JPG,5
IMG_5385.JPG,5
IMG_4871.JPG,5
IMG_1317.JPG,5
IMG_1143.JPG,5
IMG_5096.JPG,5
IMG_4649.JPG,5
IMG_4951.JPG,5
IMG_5157.JPG,5
IMG_5700.JPG,5
IMG_4971.JPG,5
IMG_4301.JPG,5
IMG_5502.JPG,5
IMG_5168.JPG,5
IMG_4429.JPG,5
IMG_4569.JPG,5
IMG_4134.JPG,5
IMG_4901.JPG,5
IMG_5417.JPG,5
IMG_4911.JPG,5
IMG_5461.JPG,5
IMG_4961.JPG,5
IMG_5137.JPG,5
IMG_5721.JPG,5
IMG_4689.JPG,5
IMG_4343.JPG,5
IMG_5781.JPG,5
IMG_4931.JPG,5
IMG_5731.JPG,5
IMG_5345.JPG,5
IMG_1123.JPG,5
IMG_4186.JPG,5
IMG_4851.JPG,5
IMG_4064.JPG,5
IMG_5751.JPG,5
IMG_4609.JPG,5
IMG_5218.JPG,5
IMG_5012.JPG,5
IMG_4891.JPG,5
IMG_5986.JPG,5
IMG_4418.JPG,5
IMG_5567.JPG,5
IMG_4538.JPG,5
IMG_4154.JPG,5
IMG_4639.JPG,5
IMG_5178.JPG,5
IMG_1214.JPG,5
IMG_4669.JPG,5
IMG_5976.JPG,5
IMG_1234.JPG,5
IMG_5481.JPG,5
IMG_4176.JPG,5
IMG_5650.JPG,5
IMG_5630.JPG,5
IMG_4501.JPG,5
IMG_1174.JPG,5
IMG_5882.JPG,5
IMG_5365.JPG,5
IMG_5106.JPG,5
IMG_5710.JPG,5
IMG_4353.JPG,5
IMG_5395.JPG,5
IMG_5271.JPG,5
IMG_4144.JPG,5
IMG_1204.JPG,5
IMG_4441.JPG,5
IMG_5660.JPG,5
IMG_5302.JPG,5
IMG_4271.JPG,5
IMG_4039.JPG,5
IMG_5680.JPG,5
IMG_1194.JPG,5
IMG_5512.JPG,5
IMG_5290.JPG,5
IMG_4981.JPG,5
IMG_1275.JPG,5
IMG_5821.JPG,5
IMG_5620.JPG,5
IMG_5811.JPG,5
IMG_4811.JPG,5
IMG_5022.JPG,5
IMG_4841.JPG,5
IMG_4991.JPG,5
IMG_1153.JPG,5
IMG_1255.JPG,5
IMG_5761.JPG,5
IMG_4619.JPG,5
IMG_5831.JPG,5
IMG_5261.JPG,5
IMG_4699.JPG,5
IMG_4511.JPG,5
IMG_5862.JPG,5
IMG_4461.JPG,5
IMG_4208.JPG,5
IMG_5127.JPG,5
IMG_5036.JPG,5
IMG_5068.JPG,5
IMG_5892.JPG,5
IMG_4471.JPG,5
IMG_5670.JPG,5
IMG_4322.JPG,5
IMG_4375.JPG,5
IMG_5334.JPG,5
IMG_4770.JPG,5
IMG_5471.JPG,5
IMG_5577.JPG,5
IMG_4821.JPG,5
IMG_1133.JPG,5
IMG_4750.JPG,5
IMG_4781.JPG,5
IMG_4481.JPG,5
IMG_5557.JPG,5
IMG_5080.JPG,5
IMG_4228.JPG,5
IMG_5597.JPG,5
IMG_4589.JPG,5
IMG_4760.JPG,5
IMG_4679.JPG,5
IMG_5522.JPG,5
IMG_5313.JPG,5
IMG_4054.JPG,5
IMG_4260.JPG,5
IMG_5355.JPG,5
IMG_4074.JPG,5
IMG_5965.JPG,5
IMG_5542.JPG,5
IMG_1285.JPG,5
IMG_4238.JPG,5
IMG_5933.JPG,5
IMG_5147.JPG,5
IMG_4396.JPG,5
IMG_4579.JPG,5
IMG_4831.JPG,5
IMG_4720.JPG,5
IMG_5228.JPG,5
IMG_4801.JPG,5
IMG_5902.JPG,5
IMG_5996.JPG,5
IMG_1244.JPG,5
IMG_5923.JPG,5
IMG_4881.JPG,5
IMG_5427.JPG,5
IMG_5640.JPG,5
IMG_4599.JPG,5
IMG_5609.JPG,5
IMG_4084.JPG,5
IMG_5741.JPG,5
IMG_1327.JPG,5
IMG_4549.JPG,5
IMG_5955.JPG,5
IMG_1265.JPG,5
IMG_4094.JPG,5
IMG_4921.JPG,5
IMG_5375.JPG,5
IMG_5587.JPG,5
IMG_4218.JPG,5
IMG_5250.JPG,5
IMG_5791.JPG,5
IMG_5239.JPG,5
IMG_5116.JPG,5
IMG_5492.JPG,5
IMG_4291.JPG,5
IMG_4333.JPG,5
IMG_4104.JPG,5
IMG_4124.JPG,5
IMG_5771.JPG,5
IMG_5058.JPG,5
IMG_5198.JPG,5
IMG_5281.JPG,5
IMG_4164.JPG,5
IMG_4629.JPG,5
IMG_5801.JPG,5
IMG_1307.JPG,5
IMG_5842.JPG,5
IMG_1224.JPG,5
IMG_5872.JPG,5
IMG_4198.JPG,5
IMG_5852.JPG,5
IMG_5002.JPG,5
IMG_5323.JPG,5
IMG_4311.JPG,5
IMG_5405.JPG,5
IMG_4861.JPG,5
IMG_4451.JPG,5
IMG_1163.JPG,5
IMG_5208.JPG,5
IMG_5451.JPG,5
IMG_5945.JPG,5
IMG_4364.JPG,5
IMG_4114.JPG,5
IMG_4281.JPG,5
IMG_4730.JPG,5
IMG_4710.JPG,5
IMG_5532.JPG,5
IMG_5913.JPG,5
IMG_4559.JPG,5
IMG_4491.JPG,5
IMG_4105.JPG,6
IMG_1154.JPG,6
IMG_5386.JPG,6
IMG_4239.JPG,6
IMG_4640.JPG,6
IMG_4177.JPG,6
IMG_4912.JPG,6
IMG_4095.JPG,6
IMG_5681.JPG,6
IMG_1245.JPG,6
IMG_4842.JPG,6
IMG_4902.JPG,6
IMG_5843.JPG,6
IMG_5588.JPG,6
IMG_4430.JPG,6
IMG_4292.JPG,6
IMG_5148.JPG,6
IMG_5792.JPG,6
IMG_5893.JPG,6
IMG_5578.JPG,6
IMG_1318.JPG,6
IMG_5802.JPG,6
IMG_4442.JPG,6
IMG_4953.JPG,6
IMG_4600.JPG,6
IMG_4165.JPG,6
IMG_4344.JPG,6
IMG_4620.JPG,6
IMG_4272.JPG,6
IMG_4045.JPG,6
IMG_4822.JPG,6
IMG_4711.JPG,6
IMG_4812.JPG,6
IMG_5209.JPG,6
IMG_4065.JPG,6
IMG_1297.JPG,6
IMG_4199.JPG,6
IMG_5914.JPG,6
IMG_4302.JPG,6
IMG_5428.JPG,6
IMG_5631.JPG,6
IMG_5376.JPG,6
IMG_5701.JPG,6
IMG_5069.JPG,6
IMG_5240.JPG,6
IMG_1328.JPG,6
IMG_5346.JPG,6
IMG_4852.JPG,6
IMG_5598.JPG,6
IMG_5406.JPG,6
IMG_4482.JPG,6
IMG_1276.JPG,6
IMG_4792.JPG,6
IMG_4229.JPG,6
IMG_4610.JPG,6
IMG_5107.JPG,6
IMG_5671.JPG,6
IMG_1235.JPG,6
IMG_5822.JPG,6
IMG_5293.JPG,6
IMG_4560.JPG,6
IMG_5418.JPG,6
IMG_5303.JPG,6
IMG_1215.JPG,6
IMG_5711.JPG,6
IMG_1205.JPG,6
IMG_4630.JPG,6
IMG_5462.JPG,6
IMG_5997.JPG,6
IMG_5641.JPG,6
IMG_5138.JPG,6
IMG_5179.JPG,6
IMG_4323.JPG,6
IMG_5558.JPG,6
IMG_4670.JPG,6
IMG_5661.JPG,6
IMG_5251.JPG,6
IMG_4387.JPG,6
IMG_4419.JPG,6
IMG_1308.JPG,6
IMG_4922.JPG,6
IMG_4872.JPG,6
IMG_4832.JPG,6
IMG_1144.JPG,6
IMG_5966.JPG,6
IMG_5533.JPG,6
IMG_4250.JPG,6
IMG_5059.JPG,6
IMG_4731.JPG,6
IMG_1286.JPG,6
IMG_4219.JPG,6
IMG_5956.JPG,6
IMG_5314.JPG,6
IMG_4409.JPG,6
IMG_5366.JPG,6
IMG_4075.JPG,6
IMG_4452.JPG,6
IMG_4942.JPG,6
IMG_5977.JPG,6
IMG_5732.JPG,6
IMG_4115.JPG,6
IMG_5651.JPG,6
IMG_4209.JPG,6
IMG_4982.JPG,6
IMG_4751.JPG,6
IMG_4261.JPG,6
IMG_5782.JPG,6
IMG_5097.JPG,6
IMG_5189.JPG,6
IMG_4680.JPG,6
IMG_4962.JPG,6
IMG_5863.JPG,6
IMG_5722.JPG,6
IMG_5772.JPG,6
IMG_5169.JPG,6
IMG_5691.JPG,6
IMG_1195.JPG,6
IMG_4135.JPG,6
IMG_4992.JPG,6
IMG_5199.JPG,6
IMG_4145.JPG,6
IMG_4700.JPG,6
IMG_4741.JPG,6
IMG_4972.JPG,6
IMG_5049.JPG,6
IMG_4055.JPG,6
IMG_4782.JPG,6
IMG_5117.JPG,6
IMG_4932.JPG,6
IMG_5003.JPG,6
IMG_4580.JPG,6
IMG_4376.JPG,6
IMG_1266.JPG,6
IMG_5482.JPG,6
IMG_5081.JPG,6
IMG_1124.JPG,6
IMG_4282.JPG,6
IMG_5396.JPG,6
IMG_5934.JPG,6
IMG_5903.JPG,6
IMG_4085.JPG,6
IMG_4892.JPG,6
IMG_5493.JPG,6
IMG_5883.JPG,6
IMG_4650.JPG,6
IMG_5282.JPG,6
IMG_5335.JPG,6
IMG_5752.JPG,6
IMG_5262.JPG,6
IMG_4590.JPG,6
IMG_4539.JPG,6
IMG_5356.JPG,6
IMG_4397.JPG,6
IMG_5128.JPG,6
IMG_5543.JPG,6
IMG_4550.JPG,6
IMG_5013.JPG,6
IMG_5037.JPG,6
IMG_4862.JPG,6
IMG_5219.JPG,6
IMG_4802.JPG,6
IMG_4570.JPG,6
IMG_4690.JPG,6
IMG_5229.JPG,6
IMG_4721.JPG,6
IMG_4312.JPG,6
IMG_4354.JPG,6
IMG_5452.JPG,6
IMG_1185.JPG,6
IMG_5853.JPG,6
IMG_4334.JPG,6
IMG_5832.JPG,6
IMG_4365.JPG,6
IMG_5472.JPG,6
IMG_5503.JPG,6
IMG_4502.JPG,6
IMG_5513.JPG,6
IMG_1175.JPG,6
IMG_1164.JPG,6
IMG_4492.JPG,6
IMG_1225.JPG,6
IMG_5023.JPG,6
IMG_5611.JPG,6
IMG_4125.JPG,6
IMG_4155.JPG,6
IMG_4512.JPG,6
IMG_4771.JPG,6
IMG_4462.JPG,6
IMG_5742.JPG,6
IMG_5812.JPG,6
IMG_5621.JPG,6
IMG_1134.JPG,6
IMG_4761.JPG,6
IMG_5272.JPG,6
IMG_5987.JPG,6
IMG_5158.JPG,6
IMG_5873.JPG,6
IMG_4187.JPG,6
IMG_4882.JPG,6
IMG_1256.JPG,6
IMG_5523.JPG,6
IMG_5568.JPG,6
IMG_4472.JPG,6
IMG_5324.JPG,6
IMG_5946.JPG,6
IMG_5924.JPG,6
IMG_5762.JPG,6
IMG_5305.JPG,7
IMG_5409.JPG,7
IMG_5325.JPG,7
IMG_1196.JPG,7
IMG_4056.JPG,7
IMG_4671.JPG,7
IMG_4793.JPG,7
IMG_4983.JPG,7
IMG_1257.JPG,7
IMG_4453.JPG,7
IMG_1125.JPG,7
IMG_5473.JPG,7
IMG_4540.JPG,7
IMG_4046.JPG,7
IMG_5294.JPG,7
IMG_5453.JPG,7
IMG_4903.JPG,7
IMG_1298.JPG,7
IMG_5957.JPG,7
IMG_1216.JPG,7
IMG_5118.JPG,7
IMG_1277.JPG,7
IMG_5925.JPG,7
IMG_5230.JPG,7
IMG_4712.JPG,7
IMG_4943.JPG,7
IMG_1135.JPG,7
IMG_5569.JPG,7
IMG_4273.JPG,7
IMG_5494.JPG,7
IMG_5429.JPG,7
IMG_5622.JPG,7
IMG_4762.JPG,7
IMG_4701.JPG,7
IMG_4483.JPG,7
IMG_5220.JPG,7
IMG_5988.JPG,7
IMG_5662.JPG,7
IMG_4116.JPG,7
IMG_5702.JPG,7
IMG_5723.JPG,7
IMG_4993.JPG,7
IMG_5419.JPG,7
IMG_4096.JPG,7
IMG_5599.JPG,7
IMG_1155.JPG,7
IMG_5387.JPG,7
IMG_5803.JPG,7
IMG_4106.JPG,7
IMG_5139.JPG,7
IMG_4843.JPG,7
IMG_5357.JPG,7
IMG_5129.JPG,7
IMG_5315.JPG,7
IMG_5793.JPG,7
IMG_4783.JPG,7
IMG_4313.JPG,7
IMG_4772.JPG,7
IMG_4813.JPG,7
IMG_4963.JPG,7
IMG_1246.JPG,7
IMG_5273.JPG,7
IMG_5612.JPG,7
IMG_4156.JPG,7
IMG_4324.JPG,7
IMG_5190.JPG,7
IMG_4431.JPG,7
IMG_4066.JPG,7
IMG_1287.JPG,7
IMG_1309.JPG,7
IMG_4742.JPG,7
IMG_5813.JPG,7
IMG_5524.JPG,7
IMG_4240.JPG,7
IMG_4561.JPG,7
IMG_4503.JPG,7
IMG_5060.JPG,7
IMG_5915.JPG,7
IMG_4178.JPG,7
IMG_4086.JPG,7
IMG_5773.JPG,7
IMG_5652.JPG,7
IMG_4611.JPG,7
IMG_5483.JPG,7
IMG_5377.JPG,7
IMG_4551.JPG,7
IMG_5589.JPG,7
IMG_4591.JPG,7
IMG_4601.JPG,7
IMG_5263.JPG,7
IMG_5692.JPG,7
IMG_4166.JPG,7
IMG_4893.JPG,7
IMG_5504.JPG,7
IMG_4581.JPG,7
IMG_5712.JPG,7
IMG_5463.JPG,7
IMG_4076.JPG,7
IMG_5534.JPG,7
IMG_4200.JPG,7
IMG_4833.JPG,7
IMG_4571.JPG,7
IMG_5160.JPG,7
IMG_4210.JPG,7
IMG_5854.JPG,7
IMG_5874.JPG,7
IMG_4621.JPG,7
IMG_1329.JPG,7
IMG_5579.JPG,7
IMG_4473.JPG,7
IMG_5904.JPG,7
IMG_4513.JPG,7
IMG_5347.JPG,7
IMG_5998.JPG,7
IMG_5947.JPG,7
IMG_4952.JPG,7
IMG_4136.JPG,7
IMG_5014.JPG,7
IMG_4853.JPG,7
IMG_4752.JPG,7
IMG_4388.JPG,7
IMG_4913.JPG,7
IMG_5070.JPG,7
IMG_5544.JPG,7
IMG_5833.JPG,7
IMG_4146.JPG,7
IMG_4251.JPG,7
IMG_5823.JPG,7
IMG_4651.JPG,7
IMG_4335.JPG,7
IMG_1186.JPG,7
IMG_4973.JPG,7
IMG_4283.JPG,7
IMG_4691.JPG,7
IMG_5210.JPG,7
IMG_4443.JPG,7
IMG_4366.JPG,7
IMG_5180.JPG,7
IMG_5038.JPG,7
IMG_4230.JPG,7
IMG_5743.JPG,7
IMG_4355.JPG,7
IMG_4303.JPG,7
IMG_4463.JPG,7
IMG_4420.JPG,7
IMG_4873.JPG,7
IMG_4398.JPG,7
IMG_5894.JPG,7
IMG_4863.JPG,7
IMG_5682.JPG,7
IMG_4732.JPG,7
IMG_5672.JPG,7
IMG_4803.JPG,7
IMG_1145.JPG,7
IMG_4641.JPG,7
IMG_5642.JPG,7
IMG_4631.JPG,7
IMG_1206.JPG,7
IMG_4883.JPG,7
IMG_5783.JPG,7
IMG_5004.JPG,7
IMG_4377.JPG,7
IMG_1176.JPG,7
IMG_5763.JPG,7
IMG_5397.JPG,7
IMG_4410.JPG,7
IMG_4493.JPG,7
IMG_1267.JPG,7
IMG_4681.JPG,7
IMG_4933.JPG,7
IMG_4923.JPG,7
IMG_4823.JPG,7
IMG_1226.JPG,7
IMG_5024.JPG,7
IMG_5200.JPG,7
IMG_4293.JPG,7
IMG_1319.JPG,7
IMG_5753.JPG,7
IMG_5844.JPG,7
IMG_5149.JPG,7
IMG_4345.JPG,7
IMG_5978.JPG,7
IMG_5252.JPG,7
IMG_5632.JPG,7
IMG_4126.JPG,7
IMG_5884.JPG,7
IMG_5514.JPG,7
IMG_5864.JPG,7
IMG_5559.JPG,7
IMG_4722.JPG,7
IMG_5935.JPG,7
IMG_5098.JPG,7
IMG_1236.JPG,7
IMG_4188.JPG,7
IMG_5170.JPG,7
IMG_4220.JPG,7
IMG_5336.JPG,7
IMG_5967.JPG,7
IMG_4262.JPG,7
IMG_1165.JPG,7
IMG_5283.JPG,7
IMG_5241.JPG,7
IMG_5050.JPG,7
IMG_5367.JPG,7
IMG_5082.JPG,7
IMG_5733.JPG,7
IMG_4047.JPG,8
IMG_1136.JPG,8
IMG_1126.JPG,8
IMG_5015.JPG,8
IMG_5958.JPG,8
IMG_4087.JPG,8
IMG_5201.JPG,8
IMG_4484.JPG,8
IMG_5253.JPG,8
IMG_5388.JPG,8
IMG_1207.JPG,8
IMG_4632.JPG,8
IMG_5171.JPG,8
IMG_5231.JPG,8
IMG_4774.JPG,8
IMG_5191.JPG,8
IMG_4127.JPG,8
IMG_5072.JPG,8
IMG_5633.JPG,8
IMG_4474.JPG,8
IMG_1320.JPG,8
IMG_4241.JPG,8
IMG_5378.JPG,8
IMG_1197.JPG,8
IMG_4389.JPG,8
IMG_5713.JPG,8
IMG_4713.JPG,8
IMG_4824.JPG,8
IMG_5430.JPG,8
IMG_4147.JPG,8
IMG_5264.JPG,8
IMG_5845.JPG,8
IMG_4583.JPG,8
IMG_5358.JPG,8
IMG_1177.JPG,8
IMG_4221.JPG,8
IMG_5865.JPG,8
IMG_5734.JPG,8
IMG_4304.JPG,8
IMG_5885.JPG,8
IMG_4336.JPG,8
IMG_5834.JPG,8
IMG_5613.JPG,8
IMG_4097.JPG,8
IMG_5368.JPG,8
IMG_4552.JPG,8
IMG_4494.JPG,8
IMG_4274.JPG,8
IMG_1217.JPG,8
IMG_1258.JPG,8
IMG_5061.JPG,8
IMG_5337.JPG,8
IMG_5824.JPG,8
IMG_5242.JPG,8
IMG_4201.JPG,8
IMG_1310.JPG,8
IMG_4211.JPG,8
IMG_5109.JPG,8
IMG_1166.JPG,8
IMG_4189.JPG,8
IMG_5764.JPG,8
IMG_5673.JPG,8
IMG_5560.JPG,8
IMG_1146.JPG,8
IMG_4753.JPG,8
IMG_5316.JPG,8
IMG_4702.JPG,8
IMG_5623.JPG,8
IMG_4914.JPG,8
IMG_1299.JPG,8
IMG_4874.JPG,8
IMG_4974.JPG,8
IMG_4994.JPG,8
IMG_5999.JPG,8
IMG_4399.JPG,8
IMG_5653.JPG,8
IMG_4924.JPG,8
IMG_5284.JPG,8
IMG_4179.JPG,8
IMG_5643.JPG,8
IMG_4934.JPG,8
IMG_4231.JPG,8
IMG_4367.JPG,8
IMG_5181.JPG,8
IMG_5221.JPG,8
IMG_5274.JPG,8
IMG_4642.JPG,8
IMG_5600.JPG,8
IMG_5970.JPG,8
IMG_4137.JPG,8
IMG_5051.JPG,8
IMG_5505.JPG,8
IMG_4854.JPG,8
IMG_5905.JPG,8
IMG_5724.JPG,8
IMG_4944.JPG,8
IMG_5693.JPG,8
IMG_4325.JPG,8
IMG_5535.JPG,8
IMG_1237.JPG,8
IMG_4844.JPG,8
IMG_1288.JPG,8
IMG_5484.JPG,8
IMG_4814.JPG,8
IMG_5306.JPG,8
IMG_5683.JPG,8
IMG_4514.JPG,8
IMG_5083.JPG,8
IMG_4167.JPG,8
IMG_5916.JPG,8
IMG_4057.JPG,8
IMG_5794.JPG,8
IMG_5895.JPG,8
IMG_5744.JPG,8
IMG_1268.JPG,8
IMG_4834.JPG,8
IMG_4894.JPG,8
IMG_4864.JPG,8
IMG_5754.JPG,8
IMG_5410.JPG,8
IMG_4692.JPG,8
IMG_5161.JPG,8
IMG_5989.JPG,8
IMG_5474.JPG,8
IMG_5025.JPG,8
IMG_1330.JPG,8
IMG_5295.JPG,8
IMG_4294.JPG,8
IMG_5464.JPG,8
IMG_5570.JPG,8
IMG_4572.JPG,8
IMG_4964.JPG,8
IMG_5774.JPG,8
IMG_4592.JPG,8
IMG_5926.JPG,8
IMG_5936.JPG,8
IMG_4077.JPG,8
IMG_4562.JPG,8
IMG_4264.JPG,8
IMG_4672.JPG,8
IMG_4612.JPG,8
IMG_1227.JPG,8
IMG_4252.JPG,8
IMG_5525.JPG,8
IMG_4884.JPG,8
IMG_5326.JPG,8
IMG_4411.JPG,8
IMG_5150.JPG,8
IMG_4464.JPG,8
IMG_4794.JPG,8
IMG_5814.JPG,8
IMG_5663.JPG,8
IMG_5784.JPG,8
IMG_4444.JPG,8
IMG_5703.JPG,8
IMG_5039.JPG,8
IMG_4346.JPG,8
IMG_1187.JPG,8
IMG_4743.JPG,8
IMG_4622.JPG,8
IMG_4107.JPG,8
IMG_4602.JPG,8
IMG_5590.JPG,8
IMG_4652.JPG,8
IMG_4682.JPG,8
IMG_4157.JPG,8
IMG_4541.JPG,8
IMG_4454.JPG,8
IMG_5875.JPG,8
IMG_5979.JPG,8
IMG_4067.JPG,8
IMG_4432.JPG,8
IMG_4421.JPG,8
IMG_4314.JPG,8
IMG_5099.JPG,8
IMG_4284.JPG,8
IMG_1167.JPG,8
IMG_5855.JPG,8
IMG_4356.JPG,8
IMG_5948.JPG,8
IMG_5140.JPG,8
IMG_4904.JPG,8
IMG_5005.JPG,8
IMG_5515.JPG,8
IMG_4117.JPG,8
IMG_4784.JPG,8
IMG_5545.JPG,8
IMG_5398.JPG,8
IMG_4804.JPG,8
IMG_5804.JPG,8
IMG_4984.JPG,8
IMG_5119.JPG,8
IMG_1278.JPG,8
IMG_4954.JPG,8
IMG_5348.JPG,8
IMG_4504.JPG,8
IMG_5454.JPG,8
IMG_5211.JPG,8
IMG_5420.JPG,8
IMG_1156.JPG,8
IMG_5130.JPG,8
IMG_4733.JPG,8
IMG_5495.JPG,8
IMG_1247.JPG,8
IMG_4723.JPG,8
IMG_5580.JPG,8
IMG_4378.JPG,8
IMG_4763.JPG,8
IMG_1259.JPG,9
IMG_5805.JPG,9
IMG_1311.JPG,9
IMG_4202.JPG,9
IMG_4058.JPG,9
IMG_4515.JPG,9
IMG_4357.JPG,9
IMG_5222.JPG,9
IMG_5110.JPG,9
IMG_1238.JPG,9
IMG_4368.JPG,9
IMG_5349.JPG,9
IMG_4108.JPG,9
IMG_4573.JPG,9
IMG_1248.JPG,9
IMG_4068.JPG,9
IMG_5704.JPG,9
IMG_4945.JPG,9
IMG_4434.JPG,9
IMG_4734.JPG,9
IMG_5026.JPG,9
IMG_5546.JPG,9
IMG_4754.JPG,9
IMG_4915.JPG,9
IMG_5389.JPG,9
IMG_5591.JPG,9
IMG_4455.JPG,9
IMG_5775.JPG,9
IMG_4305.JPG,9
IMG_5624.JPG,9
IMG_4118.JPG,9
IMG_4714.JPG,9
IMG_4098.JPG,9
IMG_5485.JPG,9
IMG_1178.JPG,9
IMG_4835.JPG,9
IMG_4995.JPG,9
IMG_4724.JPG,9
IMG_1331.JPG,9
IMG_5243.JPG,9
IMG_4242.JPG,9
IMG_5937.JPG,9
IMG_5172.JPG,9
IMG_4673.JPG,9
IMG_5571.JPG,9
IMG_4643.JPG,9
IMG_4212.JPG,9
IMG_1218.JPG,9
IMG_4785.JPG,9
IMG_5990.JPG,9
IMG_5431.JPG,9
IMG_4582.JPG,9
IMG_1289.JPG,9
IMG_5785.JPG,9
IMG_4232.JPG,9
IMG_5285.JPG,9
IMG_4505.JPG,9
IMG_4895.JPG,9
IMG_4563.JPG,9
IMG_4764.JPG,9
IMG_4315.JPG,9
IMG_5100.JPG,9
IMG_5835.JPG,9
IMG_4965.JPG,9
IMG_5896.JPG,9
IMG_5369.JPG,9
IMG_5275.JPG,9
IMG_4078.JPG,9
IMG_4138.JPG,9
IMG_4275.JPG,9
IMG_5151.JPG,9
IMG_4905.JPG,9
IMG_5866.JPG,9
IMG_5379.JPG,9
IMG_1147.JPG,9
IMG_5980.JPG,9
IMG_5084.JPG,9
IMG_4169.JPG,9
IMG_5141.JPG,9
IMG_5192.JPG,9
IMG_5131.JPG,9
IMG_4865.JPG,9
IMG_4985.JPG,9
IMG_4465.JPG,9
IMG_5561.JPG,9
IMG_4703.JPG,9
IMG_4400.JPG,9
IMG_1300.JPG,9
IMG_4445.JPG,9
IMG_4390.JPG,9
IMG_4475.JPG,9
IMG_4295.JPG,9
IMG_4128.JPG,9
IMG_1188.JPG,9
IMG_4253.JPG,9
IMG_4379.JPG,9
IMG_5411.JPG,9
IMG_5959.JPG,9
IMG_1198.JPG,9
IMG_5526.JPG,9
IMG_1269.JPG,9
IMG_5265.JPG,9
IMG_4422.JPG,9
IMG_4347.JPG,9
IMG_4285.JPG,9
IMG_5927.JPG,9
IMG_5233.JPG,9
IMG_5496.JPG,9
IMG_5202.JPG,9
IMG_4326.JPG,9
IMG_5614.JPG,9
IMG_5120.JPG,9
IMG_5755.JPG,9
IMG_4795.JPG,9
IMG_5634.JPG,9
IMG_5296.JPG,9
IMG_4553.JPG,9
IMG_5455.JPG,9
IMG_4222.JPG,9
IMG_4975.JPG,9
IMG_5052.JPG,9
IMG_5212.JPG,9
IMG_5006.JPG,9
IMG_5516.JPG,9
IMG_4158.JPG,9
IMG_5745.JPG,9
IMG_5254.JPG,9
IMG_4603.JPG,9
IMG_4495.JPG,9
IMG_1321.JPG,9
IMG_4048.JPG,9
IMG_4875.JPG,9
IMG_4885.JPG,9
IMG_5846.JPG,9
IMG_5359.JPG,9
IMG_5694.JPG,9
IMG_5714.JPG,9
IMG_4744.JPG,9
IMG_4805.JPG,9
IMG_5581.JPG,9
IMG_5475.JPG,9
IMG_5506.JPG,9
IMG_5856.JPG,9
IMG_1157.JPG,9
IMG_5465.JPG,9
IMG_5795.JPG,9
IMG_5062.JPG,9
IMG_5601.JPG,9
IMG_4925.JPG,9
IMG_4180.JPG,9
IMG_4935.JPG,9
IMG_4593.JPG,9
IMG_4855.JPG,9
IMG_5725.JPG,9
IMG_4542.JPG,9
IMG_5876.JPG,9
IMG_5421.JPG,9
IMG_4623.JPG,9
IMG_5016.JPG,9
IMG_4337.JPG,9
IMG_4683.JPG,9
IMG_5815.JPG,9
IMG_5765.JPG,9
IMG_4088.JPG,9
IMG_5399.JPG,9
IMG_1127.JPG,9
IMG_5162.JPG,9
IMG_1228.JPG,9
IMG_5317.JPG,9
IMG_4845.JPG,9
IMG_5906.JPG,9
IMG_5040.JPG,9
IMG_5917.JPG,9
IMG_5644.JPG,9
IMG_4775.JPG,9
IMG_5735.JPG,9
IMG_5654.JPG,9
IMG_5674.JPG,9
IMG_4955.JPG,9
IMG_4190.JPG,9
IMG_4693.JPG,9
IMG_5664.JPG,9
IMG_5307.JPG,9
IMG_1137.JPG,9
IMG_4485.JPG,9
IMG_4412.JPG,9
IMG_5969.JPG,9
IMG_5338.JPG,9
IMG_5536.JPG,9
IMG_5886.JPG,9
IMG_5327.JPG,9
IMG_4265.JPG,9
IMG_1279.JPG,9
IMG_5684.JPG,9
IMG_1168.JPG,9
IMG_4613.JPG,9
IMG_4148.JPG,9
IMG_5949.JPG,9
IMG_5825.JPG,9
IMG_4633.JPG,9
IMG_5073.JPG,9
IMG_5182.JPG,9
IMG_1208.JPG,9
IMG_4825.JPG,9
